OE;OEM 1;OEM 2;Stock;Price
34012;BHW404E;107-012;73;15
34013;BHW405E;107-013;18;15
34014;BHW543E;107-014;41;13
34015;BHW544E;107-015;43;13
34030;;107-030;11;19
34031;;107-031;11;19
34040;BHV624E;107-040;37;15
34041;BHV625E;107-041;31;15
34049;;107-049;1;0
34052;;107-052;5;13
34053;;107-053;5;13
34054;BHV155E;107-054;354;10
34055;BHV156E;107-055;290;10
34062;;107-062;11;15
34063;;107-063;24;15
34064;BHP130E;107-064;9;31
34065;BHP131E;107-065;1;31
34066;BHP204E;107-066;40;23
34067;BHP205E;107-067;29;23
34072;;107-072;1;13
34073;;107-073;3;13
34076;;107-076;1;19
34078;BHW177E;107-078;5;15
34079;;107-079;9;15
34086;BHR142E;107-086;13;15
34087;BHR143E;107-087;14;15
34088;BHV114E;107-088;3;13
34089;BHV115E;107-089;3;13
34090;BHV124E;107-090;6;13
34092;;107-092;36;23
34093;BHP183E;107-093;37;23
34094;;107-094;37;15
34095;;107-095;11;15
341002;BHN108E;107-1002;1;15
341003;BHN109E;107-1003;1;15
341008;;107-1008;35;15
341009;;107-1009;24;15
341010;BHN124E;107-1010;163;19
341011;BHN125E;107-1011;262;19
341016;BHW146E;107-1016;42;15
341017;BHW147E;107-1017;13;15
341020;BHS134E;107-1020;73;19
341022;;107-1022;21;13
341023;;107-1023;18;13
341026;;107-1026;9;15
341027;;107-1027;3;15
341053;;107-1053;6;15
341055;BCV176E;107-1055;8;13
34106;BHN387E;107-106;2;19
341064;BHV195E;107-1064;152;7
341065;BHV196E;107-1065;145;7
341066;BHS492E;107-1066;1;0
341067;BHS493E;107-1067;1;0
34107;BHN388E;107-107;1;19
341072;;107-1072;1;0
341073;;107-1073;1;0
341074;;107-1074;21;13
341075;BHV303E;107-1075;20;13
341078;;107-1078;8;10
341079;;107-1079;1;10
34108;;107-108;3;15
341086;BHP119E;107-1086;579;23
341087;BHP120E;107-1087;449;23
341088;BHV191E;107-1088;28;15
341089;BHV192E;107-1089;32;15
34109;;107-109;3;15
341090;;107-1090;85;13
341095;;107-1095;8;13
341104;;107-1104;6;13
341109;;107-1109;4;10
341122;;107-1122;60;10
341143;BHZ419E;107-1143;2;38
341146;BHV111E;107-1146;28;10
341147;BHV110E;107-1147;28;10
341152;;107-1152;2;10
341153;;107-1153;3;10
341160;;107-1160;2;23
341161;;107-1161;9;23
341164;;107-1164;2;13
341166;;107-1166;2;13
341167;;107-1167;1;13
341172;;107-1172;64;10
341173;;107-1173;9;10
341175;;107-1175;1;13
341176;BHQ159E;107-1176;21;28
341177;BHQ160E;107-1177;28;28
341178;;107-1178;17;23
341179;;107-1179;22;23
341188;;107-1188;4;23
341189;;107-1189;9;23
341192;;107-1192;52;13
341193;;107-1193;20;13
341199;BHP171E;107-1199;2;23
341201;BHX299E;107-1201;4;15
341202;;107-1202;1;0
341209;BHX135E;107-1209;1;13
341220;BHX326E;107-1220;10;15
341221;;107-1221;10;15
341222;;107-1222;12;23
341223;;107-1223;10;23
341224;;107-1224;21;28
341225;;107-1225;16;28
341226;BHS554E;107-1226;1;23
341227;BHS555E;107-1227;21;23
341228;;107-1228;1;15
341229;;107-1229;11;15
341230;BHW341E;107-1230;13;15
341231;BHW342E;107-1231;25;15
341232;;107-1232;2;23
341233;;107-1233;2;23
341242;;107-1242;1;10
341243;BHS301E;107-1243;28;10
341245;;107-1245;5;0
341251;;107-1251;2;28
341253;BHW498E;107-1253;2;15
341255;BHX267E;107-1255;1;0
341262;BHW501E;107-1262;9;10
341264;BHW399E;107-1264;1;10
341268;BHN212E;107-1268;101;13
341269;BHS181E;107-1269;123;13
341270;;107-1270;8;13
341271;;107-1271;15;13
341286;BHS237E;107-1286;3;13
341287;BHS238E;107-1287;4;13
341288;;107-1288;12;13
341289;;107-1289;14;13
341290;;107-1290;6;23
341291;;107-1291;5;23
341300;BHV218E;107-1300;1;0
341302;;107-1302;1;0
341304;BHV216E;107-1304;1;15
341307;BHS208E;107-1307;1;15
341308;BHS202E;107-1308;106;15
341309;BHS203E;107-1309;38;15
341326;BHX192E;107-1326;3;15
341328;BHX194E;107-1328;1;19
341329;BHX195E;107-1329;25;19
341332;BHV132E;107-1332;278;10
341333;BHV133E;107-1333;228;10
341338;;107-1338;1;23
341339;;107-1339;3;23
341346;BCT127E;107-1346;45;15
341348;BHR104E;107-1348;3;23
341354;;107-1354;105;13
341355;;107-1355;114;13
341357;;107-1357;2;0
341366;BHP164E;107-1366;16;23
341367;BHP165E;107-1367;11;23
34137;;107-137;1;19
341374;;107-1374;13;13
341375;;107-1375;10;13
341396;BHS276E;107-1396;6;15
341397;BHS275E;107-1397;8;15
341418;;107-1418;1;19
341422;BHN106E;107-1422;17;15
341423;BHN107E;107-1423;26;15
341434;BHT173E;107-1434;1;0
341435;BHT174E;107-1435;1;0
341453;;107-1453;1;0
341460;BHS586E;107-1460;2;15
341461;BHS587E;107-1461;2;15
341464;;107-1464;14;31
341465;BHN486E;107-1465;10;31
341488;BHN483E;107-1488;51;15
341489;BHN484E;107-1489;47;15
341492;BHN545E;107-1492;20;13
341493;BHN546E;107-1493;12;13
341494;BHR200E;107-1494;23;31
341495;BHR201E;107-1495;81;31
341510;BHS273E;107-1510;27;13
341511;BHS274E;107-1511;30;13
341518;;107-1518;7;15
341519;;107-1519;6;15
341526;BHN543E;107-1526;1;0
341527;;107-1527;1;0
341528;;107-1528;18;15
341529;;107-1529;17;15
341530;;107-1530;1;0
341531;;107-1531;1;0
341532;BHR235E;107-1532;3;26
341533;;107-1533;5;26
341536;BHZ122E;107-1536;21;15
341537;BHZ123E;107-1537;14;15
341544;BHS306E;107-1544;3;15
341545;BHS307E;107-1545;2;15
341546;;107-1546;1;0
341547;;107-1547;2;0
341556;BHX294E;107-1556;1;0
341557;BHX295E;107-1557;1;0
341558;BHX278E;107-1558;3;15
341559;BHX279E;107-1559;1;15
341560;BHT121E;107-1560;7;15
341561;BHT122E;107-1561;5;15
341562;;107-1562;1;0
341563;;107-1563;1;0
341566;;107-1566;19;15
341567;;107-1567;2;15
341568;;107-1568;1;23
341569;;107-1569;2;23
341581;;107-1581;10;10
341585;;107-1585;10;10
341602;BHW150E;107-1602;1;13
341606;BHN159E;107-1606;5;15
341607;BHN160E;107-1607;10;15
341624;;107-1624;5;15
341625;;107-1625;1;15
341626;;107-1626;4;10
341627;;107-1627;2;10
341638;BHS466E;107-1638;3;19
341639;BHS467E;107-1639;5;19
34164;BHU317E;107-164;12;19
341644;BHS198E;107-1644;37;19
341645;BHS199E;107-1645;54;19
341646;BHS284E;107-1646;76;13
341647;BHS283E;107-1647;14;13
34165;;107-165;12;19
341664;;107-1664;16;13
341665;;107-1665;2;13
341666;BHS263E;107-1666;31;15
341668;;107-1668;33;13
341669;;107-1669;42;13
341672;;107-1672;8;10
341673;;107-1673;5;10
341674;;107-1674;2;10
341675;;107-1675;5;10
341684;BHS906E;107-1684;10;15
341685;BHS907E;107-1685;9;15
341686;;107-1686;1;0
341687;;107-1687;1;0
341693;BHW534E;107-1693;1;15
341696;;107-1696;4;23
341697;BHW568E;107-1697;3;23
341700;;107-1700;16;21
341701;;107-1701;13;21
341716;;107-1716;11;13
341717;;107-1717;8;13
341726;BHW265E;107-1726;15;15
341727;;107-1727;6;15
341730;;107-1730;11;23
341734;BHW247E;107-1734;6;15
341735;BHW248E;107-1735;16;15
341736;;107-1736;1;10
341737;;107-1737;2;10
34174;;107-174;1;23
341740;BCN167E;107-1740;10;13
341741;BCN168E;107-1741;10;13
341742;BCV190E;107-1742;224;13
341743;BCV191E;107-1743;16;13
341748;;107-1748;80;15
341749;;107-1749;36;15
34175;;107-175;15;23
341752;;107-1752;43;15
341753;;107-1753;27;15
341754;;107-1754;1;10
341755;BHS175E;107-1755;1;10
341758;;107-1758;26;13
341759;;107-1759;5;13
341764;BHX112E;107-1764;1;15
341766;BHN245E;107-1766;113;10
341767;BHN246E;107-1767;114;10
341768;;107-1768;29;13
341769;;107-1769;31;13
341778;;107-1778;7;10
341779;;107-1779;6;10
341780;BHW116E;107-1780;19;15
341781;BHW117E;107-1781;7;15
341782;BHX174E;107-1782;76;13
341783;BHX175E;107-1783;68;13
341786;;107-1786;126;23
341787;;107-1787;2;23
341788;;107-1788;1;0
341791;BHW157E;107-1791;7;10
341794;;107-1794;12;19
341795;;107-1795;15;19
341796;;107-1796;11;15
341797;;107-1797;3;15
341798;;107-1798;12;19
341799;;107-1799;9;19
341800;;107-1800;3;10
341801;;107-1801;1;10
341802;;107-1802;1;0
341804;;107-1804;2;13
341805;;107-1805;10;13
341806;;107-1806;12;15
341807;BHW153E;107-1807;19;15
341810;;107-1810;16;10
341811;;107-1811;8;10
341812;;107-1812;17;15
341813;;107-1813;16;15
341816;;107-1816;21;15
341817;BHS262E;107-1817;24;15
341818;;107-1818;10;15
341819;;107-1819;90;15
341820;BHS142E;107-1820;107;10
341821;BHS143E;107-1821;55;10
341822;;107-1822;45;10
341823;BHW176E;107-1823;21;10
341826;BHS265E;107-1826;13;15
341827;BHS266E;107-1827;7;15
341828;BHS148E;107-1828;50;13
341829;BHS149E;107-1829;53;13
341830;BHS150E;107-1830;38;15
341831;BHS151E;107-1831;68;15
341832;BHN156E;107-1832;4;19
341835;BHN215E;107-1835;6;15
341838;BHN449E;107-1838;4;15
341839;BHN450E;107-1839;9;15
341842;BHV226E;107-1842;85;10
341843;BHV227E;107-1843;130;10
341844;BHW114E;107-1844;42;10
341845;BHW115E;107-1845;39;10
341846;BHN122E;107-1846;81;23
341847;BHN123E;107-1847;78;23
341850;BHQ102E;107-1850;24;23
341851;;107-1851;31;23
341852;;107-1852;37;15
341853;;107-1853;47;15
341856;BHS1281E;107-1856;7;15
341857;;107-1857;7;15
341860;;107-1860;24;15
341861;;107-1861;16;15
341862;BHW318E;107-1862;6;15
341863;;107-1863;7;15
341864;BHT181E;107-1864;6;19
341865;BHT182E;107-1865;3;19
341866;BHX292E;107-1866;21;15
341867;BHX293E;107-1867;21;15
341868;;107-1868;1;0
341870;BHS680E;107-1870;11;15
341871;BHS681E;107-1871;6;15
341872;BHN118E;107-1872;80;23
341873;BHN119E;107-1873;62;23
341880;BHW166E;107-1880;149;10
341881;BHW167E;107-1881;197;10
341889;BHS577E;107-1889;12;15
341890;BHN154E;107-1890;56;15
341891;BHN155E;107-1891;50;15
341893;;107-1893;1;15
341894;;107-1894;2;15
341896;;107-1896;10;15
341897;BHW817E;107-1897;10;15
341898;BHV263E;107-1898;158;10
341899;BHV264E;107-1899;82;10
341900;BHW279E;107-1900;1;15
341902;;107-1902;15;15
341903;;107-1903;15;15
341904;BHN162E;107-1904;78;23
341905;BHN163E;107-1905;45;23
341906;BHW207E;107-1906;42;10
341907;BHW208E;107-1907;92;10
341908;BHP102E;107-1908;609;23
341909;BHP103E;107-1909;631;23
341910;;107-1910;11;10
341911;;107-1911;10;10
341912;BHN157E;107-1912;54;28
341913;BHN158E;107-1913;55;28
341914;;107-1914;1;0
341916;;107-1916;41;15
341917;;107-1917;1;15
341918;BHR138E;107-1918;16;23
341919;BHR139E;107-1919;4;23
341920;;107-1920;2;26
341921;BHT190E;107-1921;1;26
341924;;107-1924;13;19
341925;0;107-1925;24;19
341926;;107-1926;2;13
341927;;107-1927;1;13
341928;BHX120E;107-1928;60;13
341929;BHW404E;107-1929;119;15
341930;BHP206E;107-1930;47;23
341931;BHP207E;107-1931;105;23
341932;BHW124E;107-1932;33;19
341936;BHU110E;107-1936;3;15
341937;;107-1937;1;15
341938;BHW205E;107-1938;92;10
341939;BHW206E;107-1939;67;10
34194;;107-194;5;23
341940;BHX286E;107-1940;15;13
341941;BHX287E;107-1941;13;13
341944;BHQ142E;107-1944;37;31
341945;BHQ158E;107-1945;57;31
341946;BHV232E;107-1946;130;15
341947;BHV233E;107-1947;130;15
341948;BHV245E;107-1948;46;19
34195;BHR113E;107-195;10;23
341950;BHN126E;107-1950;143;23
341951;BHN127E;107-1951;89;23
341952;;107-1952;4;26
341954;BHV492E;107-1954;5;10
341955;BHV493E;107-1955;8;10
341956;BHU102E;107-1956;1;0
341959;;107-1959;1;13
341968;BHW313E;107-1968;15;15
341969;BHW314E;107-1969;15;15
341970;BHV312E;107-1970;19;15
341971;BHV702E;107-1971;18;15
341972;;107-1972;17;15
341973;;107-1973;17;15
341974;BHW583E;107-1974;11;13
341975;BHW584E;107-1975;105;13
341978;;107-1978;2;23
341979;;107-1979;1;23
341980;;107-1980;6;19
341981;;107-1981;8;19
341984;BHV206E;107-1984;202;10
341985;BHV207E;107-1985;186;10
341986;BHV210E;107-1986;172;10
341987;BHV211E;107-1987;109;10
341988;BHX154E;107-1988;87;15
341989;BHX155E;107-1989;93;15
341991;BHS179E;107-1991;9;10
342000;;107-2000;215;10
342001;;107-2001;179;10
342002;BHX188E;107-2002;152;15
342003;BHX189E;107-2003;67;15
342004;BHN261E;107-2004;78;26
342005;BHN262E;107-2005;101;26
342008;BHX190E;107-2008;29;15
342009;;107-2009;20;15
342010;;107-2010;22;15
342011;;107-2011;18;15
342012;BHW237E;107-2012;103;19
342013;BHW238E;107-2013;133;19
342014;BHS196E;107-2014;14;19
342015;BHS197E;107-2015;3;19
342018;;107-2018;2;23
342019;;107-2019;14;23
342020;BHV310E;107-2020;76;10
342021;BHV311E;107-2021;54;10
342022;;107-2022;2;13
342023;;107-2023;6;13
342026;BHX127E;107-2026;16;15
342027;BHX128E;107-2027;23;15
342028;BHW377E;107-2028;3;19
342029;BHW378E;107-2029;10;19
342034;BHV130E;107-2034;22;10
342035;BHV131E;107-2035;12;10
342038;BHV261E;107-2038;87;10
342039;BHV262E;107-2039;92;10
342040;BHS222E;107-2040;12;26
342041;BHS221E;107-2041;18;26
342042;BHS219E;107-2042;10;26
342043;BHS218E;107-2043;3;26
342046;BHW138E;107-2046;26;15
342047;BHW139E;107-2047;27;15
342049;BHV290E;107-2049;12;15
342050;BHS530E;107-2050;35;19
342051;BHS531E;107-2051;31;19
342052;BHS191E;107-2052;8;19
342054;BHU283E;107-2054;14;13
342055;BHU284E;107-2055;38;13
342058;BHS166;107-2058;1;15
342062;BHW297E;107-2062;44;19
342063;BHW298E;107-2063;34;19
342064;BHS638E;107-2064;16;15
342065;BHS639E;107-2065;3;15
342067;BHN510E;107-2067;1;15
342068;BHS640E;107-2068;13;19
342069;BHS641E;107-2069;21;19
342070;BHN493E;107-2070;17;19
342071;BHN494E;107-2071;20;19
342072;BHX208E;107-2072;11;15
342073;BHX209E;107-2073;13;15
342074;BHX304E;107-2074;4;13
342075;BHX305E;107-2075;5;13
342076;BHR202E;107-2076;34;19
342077;BHR203E;107-2077;21;19
342079;BHR205E;107-2079;2;19
34208;BHX178E;107-208;20;19
342089;BHQ188E;107-2089;2;31
34209;BHX179E;107-209;12;19
342090;BHN511E;107-2090;24;28
342091;BHN512E;107-2091;24;28
342092;BHW307E;107-2092;166;11
342093;BHW308E;107-2093;173;11
342094;BHW309E;107-2094;61;13
342095;BHW310E;107-2095;70;13
342096;;107-2096;12;19
342097;;107-2097;12;19
34210;BHN220E;107-210;369;19
342100;BHZ306E;107-2100;19;38
342101;;107-2101;8;38
342102;BHN693E;107-2102;2;26
342103;BHN694E;107-2103;3;26
342104;BHW191E;107-2104;140;15
342105;BHW192E;107-2105;130;15
342106;BHT191E;107-2106;2;19
34211;BHN221E;107-211;324;19
342110;BHQ177E;107-2110;86;19
342111;BHQ178E;107-2111;72;19
342112;BCX112E;107-2112;25;13
342113;BCX113E;107-2113;23;13
342114;BHP104E;107-2114;13;36
342115;;107-2115;15;36
342116;BHV234E;107-2116;119;13
342117;BHV235E;107-2117;91;13
342120;;107-2120;16;15
342121;BHS643E;107-2121;14;15
342124;;107-2124;2;15
342125;;107-2125;2;15
342130;BHS644E;107-2130;16;15
342131;BHS645E;107-2131;17;15
342132;;107-2132;6;23
342133;BHP169E;107-2133;5;23
342134;BHW343E;107-2134;27;10
342135;BHW344E;107-2135;36;10
342136;BHV228E;107-2136;16;15
342137;BHV229E;107-2137;16;15
342138;BHW187E;107-2138;83;13
342139;BHW188E;107-2139;68;13
342142;;107-2142;1;0
342144;BCN183E;107-2144;133;13
342152;BHT193E;107-2152;73;13
342153;BHT194E;107-2153;77;13
342154;BHN240E;107-2154;241;26
342155;BHN241E;107-2155;223;26
342160;BHW304E;107-2160;39;15
342161;BHW303E;107-2161;57;15
342162;;107-2162;13;31
342163;;107-2163;3;31
342165;BHN332E;107-2165;1;15
342166;BHS130E;107-2166;36;15
342167;BHS131E;107-2167;5;15
342170;BHT717E;107-2170;3;19
342171;BHT716E;107-2171;7;19
342172;BHX182E;107-2172;100;13
342173;BHX183E;107-2173;76;13
342174;;107-2174;12;15
342175;;107-2175;20;15
342176;;107-2176;1;23
342177;;107-2177;1;23
342182;BHV522E;107-2182;59;10
342183;BHV523E;107-2183;62;10
342186;BHP134E;107-2186;37;28
342187;BHP135E;107-2187;3;28
342188;BHP178E;107-2188;1;0
342189;;107-2189;1;0
342190;BHN515E;107-2190;14;26
342191;BHN516E;107-2191;21;26
342193;;107-2193;10;23
342195;;107-2195;2;23
342198;BHN519E;107-2198;42;19
342199;BHN520E;107-2199;42;19
342200;;107-2200;2;19
342202;BHW361E;107-2202;32;13
342203;BHW362E;107-2203;29;13
342204;BHS908E;107-2204;20;15
342205;BHS909E;107-2205;26;15
342206;;107-2206;10;19
342207;;107-2207;12;19
342208;;107-2208;4;19
342209;;107-2209;8;19
342210;;107-2210;1;0
342214;BHS606E;107-2214;71;26
342215;BHS607E;107-2215;73;26
342218;BHX308E;107-2218;61;13
342219;BHX309E;107-2219;55;13
342220;BHN904E;107-2220;1;19
342221;BHN905E;107-2221;3;19
342222;BHU285E;107-2222;66;15
342223;BHU286E;107-2223;86;15
342224;BHW189E;107-2224;75;15
342225;BHW190E;107-2225;57;15
342230;BHV146E;107-2230;45;15
342231;BHV147E;107-2231;120;15
342236;;107-2236;1;0
342237;;107-2237;1;0
342239;BHV143E;107-2239;1;15
342244;BHQ267E;107-2244;13;31
342245;BHQ268E;107-2245;3;31
342246;BHW275E;107-2246;199;13
342247;BHW276E;107-2247;183;13
342248;;107-2248;41;15
342249;;107-2249;38;15
342250;BHN136E;107-2250;3;19
342251;BHN137E;107-2251;14;19
342252;BHN161E;107-2252;15;19
342253;;107-2253;32;19
342255;;107-2255;2;10
342256;BHX133E;107-2256;4;15
342257;BHX134E;107-2257;4;15
342258;BHX131E;107-2258;128;13
342259;BHX132E;107-2259;120;13
342260;BHQ119E;107-2260;134;19
342261;BHQ118E;107-2261;119;19
342262;;107-2262;6;19
342263;;107-2263;6;19
342264;BHS152E;107-2264;2;13
342265;BHS153E;107-2265;1;13
342266;BHR192E;107-2266;22;19
342267;BHR193E;107-2267;20;19
342268;BHN231E;107-2268;107;19
342269;BHN230E;107-2269;74;19
342272;BCS112E;107-2272;60;19
342273;BCS113E;107-2273;78;19
342274;0;107-2274;1;15
342276;BHW295E;107-2276;7;0
342280;BHN271E;107-2280;14;15
342281;BHN272E;107-2281;15;15
342285;;107-2285;13;15
342288;BHS108;107-2288;1;19
342289;BHS109;107-2289;16;19
342290;BHN228E;107-2290;20;15
342291;;107-2291;4;15
342294;BHN372;107-2294;24;19
342295;BHN371;107-2295;28;19
342299;BHW127E;107-2299;1;19
342300;BHS304E;107-2300;28;15
342301;BHS305E;107-2301;27;15
342302;BHW363E;107-2302;11;15
342303;;107-2303;9;15
342304;BHS320E;107-2304;33;15
342305;BHS321E;107-2305;35;15
342306;BHW365E;107-2306;28;15
342307;BHW366E;107-2307;13;15
342310;BHX310E;107-2310;8;19
342311;BHX311E;107-2311;12;19
342312;BHN501E;107-2312;52;15
342313;BHN502E;107-2313;27;15
342314;BHN499E;107-2314;6;19
342315;BHN500E;107-2315;10;19
342316;BHS211E;107-2316;19;13
342317;BHS212E;107-2317;17;13
342324;BHX203E;107-2324;231;10
342325;BHX204E;107-2325;418;10
342328;BHN531E;107-2328;15;19
342329;BHN532E;107-2329;6;19
342330;BHQ191E;107-2330;17;23
342331;;107-2331;17;23
342334;;107-2334;1;19
342336;;107-2336;37;15
342337;BHN534E;107-2337;41;15
342338;BHN535E;107-2338;2;26
342340;BHX312E;107-2340;6;15
342343;BHS615E;107-2343;19;19
342344;BHS654E;107-2344;66;19
342345;BHS655E;107-2345;64;19
342347;BHT188E;107-2347;2;15
342348;BHS618E;107-2348;149;15
342349;BHS619E;107-2349;76;15
342350;BHN138E;107-2350;263;23
342351;BHN139E;107-2351;190;23
342356;BHS296E;107-2356;30;23
342357;BHS297E;107-2357;28;23
342360;BHN265E;107-2360;245;23
342361;BHN266E;107-2361;155;23
342366;;107-2366;1;0
342367;;107-2367;1;0
342368;;107-2368;1;0
342370;BHN541E;107-2370;6;15
342371;BHN542E;107-2371;154;15
342380;;107-2380;2;19
342382;;107-2382;122;13
342383;;107-2383;123;13
342387;;107-2387;3;19
342388;;107-2388;34;26
342389;;107-2389;7;26
342390;;107-2390;66;31
342391;;107-2391;79;31
342392;BHX110E;107-2392;17;13
342393;BHX111E;107-2393;3;13
342394;BHX108E;107-2394;166;10
342395;BHX109E;107-2395;134;10
342396;BHN333E;107-2396;148;15
342397;BHN334E;107-2397;242;15
342398;BHW141E;107-2398;136;13
342399;BHW140E;107-2399;77;13
342400;BHN146E;107-2400;992;19
342401;BHN147E;107-2401;1005;19
342404;BHX104E;107-2404;195;13
342405;BHX105E;107-2405;8;13
342420;BHX314E;107-2420;30;15
342421;BHX315E;107-2421;1;15
342436;;107-2436;1;26
342437;;107-2437;6;26
342440;BHT123E;107-2440;49;31
342441;BHT124E;107-2441;26;31
342446;BHV254E;107-2446;15;10
342447;BHV255E;107-2447;13;10
342448;;107-2448;41;10
342449;;107-2449;51;10
342452;BHT129E;107-2452;15;15
342454;;107-2454;15;13
342455;;107-2455;7;13
342458;BHN343E;107-2458;1;15
342459;BHN344E;107-2459;21;15
342460;BHN164E;107-2460;92;19
342461;BHN165E;107-2461;791;19
342462;;107-2462;1;19
342464;;107-2464;4;13
342465;;107-2465;6;13
342466;BHW305E;107-2466;77;10
342467;BHW306E;107-2467;72;10
342468;BHW253E;107-2468;4;10
342469;BHW254E;107-2469;73;10
342470;BHW333E;107-2470;34;13
342471;BHW334E;107-2471;19;13
342472;BHV322E;107-2472;20;19
342473;BHV323E;107-2473;31;19
342474;BHV324E;107-2474;11;10
342475;BHV325E;107-2475;57;10
342477;;107-2477;7;15
342478;;107-2478;18;19
342479;BHS911E;107-2479;11;19
342480;;107-2480;6;19
342481;;107-2481;16;19
342482;BHX186E;107-2482;63;13
342483;BHX187E;107-2483;91;13
342484;BCR130E;107-2484;317;15
342485;BCR131E;107-2485;82;15
342488;;107-2488;49;15
342489;;107-2489;56;15
342490;BHR162E;107-2490;28;26
342491;BHR163E;107-2491;13;26
342492;BHR150E;107-2492;95;26
342493;BHR151E;107-2493;4;26
342494;BHR210E;107-2494;87;26
342495;BHR211E;107-2495;75;26
342502;BHS596E;107-2502;49;19
342503;BHS597E;107-2503;36;19
342506;BHS678E;107-2506;9;19
342507;BHS679E;107-2507;8;19
342510;BHS247E;107-2510;65;23
342511;BHS248E;107-2511;74;23
342512;BHS226E;107-2512;55;23
342513;BHS225E;107-2513;13;23
342516;BHT209E;107-2516;30;19
342517;BHT210E;107-2517;31;19
342518;;107-2518;11;15
342519;;107-2519;5;15
342521;BHP187E;107-2521;6;23
342522;BHS249E;107-2522;25;26
342523;BHS250E;107-2523;4;26
342524;;107-2524;7;31
342525;;107-2525;6;31
342526;;107-2526;2;26
342528;;107-2528;10;13
342529;;107-2529;8;13
34253;;107-253;1;0
342530;BHT703E;107-2530;7;23
342531;BHT702E;107-2531;6;23
342532;BHW597E;107-2532;12;15
342533;BHW598E;107-2533;11;15
342534;BHX328E;107-2534;166;10
342535;BHX329E;107-2535;198;10
342536;BHX471E;107-2536;88;13
342537;BHX472E;107-2537;81;13
342538;BHS696E;107-2538;19;23
342539;BHS697E;107-2539;36;23
342540;BHS294E;107-2540;192;10
342541;BHS295E;107-2541;186;10
342542;BHN325E;107-2542;98;10
342543;BHN326E;107-2543;97;10
342544;;107-2544;133;10
342545;BHN328E;107-2545;120;10
342548;;107-2548;21;31
342549;;107-2549;13;31
342552;BCW150E;107-2552;7;15
342553;BCW151E;107-2553;61;15
342554;BCW152E;107-2554;108;15
342555;BCW153E;107-2555;191;15
342560;BHR212E;107-2560;555;23
342561;BHR213E;107-2561;553;23
342562;BHP188E;107-2562;44;23
342563;BHP189E;107-2563;36;23
342564;;107-2564;5;23
342565;;107-2565;27;23
342566;BHW311E;107-2566;50;10
342567;BHW312E;107-2567;48;10
342568;BHT211E;107-2568;2;19
342569;BHT212E;107-2569;6;19
342572;BHN561E;107-2572;7;15
342576;BHN563E;107-2576;72;15
342577;BHN564E;107-2577;77;15
342578;;107-2578;5;15
342579;;107-2579;6;15
342580;BHS700E;107-2580;24;15
342581;BHS701E;107-2581;20;15
342582;BHS702E;107-2582;36;15
342583;BHS703E;107-2583;22;15
342584;BHU287E;107-2584;1;26
342586;;107-2586;2;19
342587;;107-2587;3;19
342591;BHS1095E;107-2591;3;15
342594;;107-2594;10;19
342595;;107-2595;15;19
342596;BHZ370E;107-2596;25;26
342597;BHZ371E;107-2597;31;26
342598;BHN565E;107-2598;106;15
342599;BHN566E;107-2599;105;15
342606;;107-2606;13;15
342607;;107-2607;3;15
342608;BHW397E;107-2608;13;15
342609;BHW398E;107-2609;52;15
342614;BHS710E;107-2614;76;15
342615;BHS711E;107-2615;39;15
342618;;107-2618;1;15
342619;;107-2619;1;15
342622;BHW337E;107-2622;56;15
342623;BHW338E;107-2623;102;15
342624;BHV638E;107-2624;3;15
342625;BHV639E;107-2625;7;15
342626;BHW225E;107-2626;3;15
342628;BHW223E;107-2628;150;10
342629;BHW224E;107-2629;144;10
342630;BHX164E;107-2630;301;10
342631;BHX165E;107-2631;207;10
342632;;107-2632;8;15
342633;BHW602E;107-2633;13;15
342634;BHW603E;107-2634;4;15
342635;BHW604E;107-2635;5;15
342636;;107-2636;23;15
342637;;107-2637;17;15
342638;;107-2638;14;15
342639;;107-2639;17;15
34264;;107-264;1;0
342641;BHN572E;107-2641;20;26
342642;;107-2642;31;23
342643;BHQ200E;107-2643;25;23
342646;BHS1056E;107-2646;16;19
342647;BHS1057E;107-2647;9;19
342649;BHW819E;107-2649;32;19
342650;BHQ122E;107-2650;64;23
342651;BHQ123E;107-2651;75;23
342652;;107-2652;34;19
342653;;107-2653;22;19
342654;BHS724E;107-2654;22;19
342655;BHS725E;107-2655;18;19
342657;BHS715E;107-2657;37;19
342658;BHN573E;107-2658;8;31
342660;BHN180E;107-2660;1170;15
342661;BHN181E;107-2661;1665;15
342664;;107-2664;130;13
342665;;107-2665;96;13
342668;BHV326E;107-2668;2;13
342669;BHV327E;107-2669;119;13
342670;BHW347E;107-2670;541;7
342671;BHW348E;107-2671;560;7
342672;BHW609E;107-2672;41;15
342673;BHW610E;107-2673;30;15
342678;BHN577E;107-2678;4;19
342679;BHN578E;107-2679;10;19
342680;BHV314E;107-2680;14;19
342681;BHV315E;107-2681;17;19
342688;BHU291E;107-2688;2;26
342689;BHU292E;107-2689;1;26
342690;BHU293E;107-2690;14;26
342691;BHU294E;107-2691;27;26
342694;BHU297E;107-2694;6;26
342695;BHU298E;107-2695;9;26
342696;BHT719E;107-2696;17;26
342698;BHV542E;107-2698;1;23
342702;BHN581E;107-2702;12;15
342703;BHN582E;107-2703;5;15
342704;BHN323E;107-2704;7;15
342705;BHN324E;107-2705;2;15
342706;BHN349E;107-2706;21;15
342707;BHN350E;107-2707;31;15
342708;BHN321E;107-2708;1;19
342709;BHN320E;107-2709;2;19
342710;BHN587E;107-2710;76;13
342711;BHN588E;107-2711;83;13
342712;;107-2712;20;13
342713;;107-2713;6;13
342722;BHS728E;107-2722;11;26
342723;BHS729E;107-2723;11;26
342724;BHS730E;107-2724;1;38
342725;BHS731E;107-2725;1;38
342728;BHQ209E;107-2728;159;31
342729;BHQ210E;107-2729;159;31
342730;BHN196E;107-2730;172;28
342731;BHN197E;107-2731;202;28
342734;BHP192E;107-2734;1;31
342736;;107-2736;9;15
342737;;107-2737;26;15
342738;;107-2738;23;15
342739;;107-2739;15;15
342740;BHN609E;107-2740;42;19
342741;BHN610E;107-2741;18;19
342742;BHN595E;107-2742;44;19
342743;BHN596E;107-2743;33;19
342746;;107-2746;16;13
342747;;107-2747;21;13
342748;BHX142E;107-2748;4;15
342749;BHX143E;107-2749;7;15
342750;BHS734E;107-2750;12;15
342751;BHS735E;107-2751;14;15
342752;BHS914E;107-2752;2;15
342754;BHX224E;107-2754;55;10
342755;BHX225E;107-2755;19;10
342758;;107-2758;5;31
342759;;107-2759;7;31
342760;BHX342E;107-2760;10;19
342761;BHX343E;107-2761;8;19
342764;BHT225E;107-2764;84;15
342765;BHT226E;107-2765;83;15
342766;;107-2766;15;15
342767;BHN598E;107-2767;12;15
342768;BHW613E;107-2768;74;13
342769;BHW614E;107-2769;69;13
34277;;107-277;74;19
342770;BHZ382E;107-2770;126;13
342771;BHZ383E;107-2771;132;13
342778;BHS740E;107-2778;10;19
342779;BHS741E;107-2779;21;19
34278;BHV175E;107-278;15;13
342780;;107-2780;3;15
342784;BHS684E;107-2784;9;15
342785;;107-2785;10;15
342786;;107-2786;144;23
342787;;107-2787;60;23
34279;BHV176E;107-279;2;13
342790;BHN170E;107-2790;233;23
342791;BHN171E;107-2791;255;23
342794;BHS316E;107-2794;233;19
342795;BHS317E;107-2795;216;19
342796;BHN599E;107-2796;52;15
342797;BHN600E;107-2797;90;15
342802;BHQ121E;107-2802;286;19
342803;BHQ120E;107-2803;337;19
342804;BHQ211E;107-2804;172;23
342805;BHQ212E;107-2805;78;23
342806;BHW617E;107-2806;23;15
342807;BHW618E;107-2807;17;15
342808;BHS726E;107-2808;10;15
342810;BHS742E;107-2810;80;19
342811;BHS743E;107-2811;110;19
342812;BHX416E;107-2812;11;15
342813;BHX417E;107-2813;49;15
342814;;107-2814;39;15
342815;;107-2815;41;15
342817;BHX227E;107-2817;24;19
342819;BHX349E;107-2819;3;23
342824;BHN204E;107-2824;643;26
342825;BHN205E;107-2825;646;26
342826;BHT127E;107-2826;55;15
342828;BHW369E;107-2828;353;15
342829;BHW370E;107-2829;200;15
342830;;107-2830;30;23
342831;;107-2831;26;23
342832;BHS556E;107-2832;2;19
342833;BHS557E;107-2833;5;19
342838;BHS318E;107-2838;217;13
342839;BHS319E;107-2839;155;13
342844;BHS312E;107-2844;87;19
342845;BHS313E;107-2845;24;19
342846;BHS314E;107-2846;1;19
342847;BHS315E;107-2847;6;19
342848;;107-2848;1;13
342849;;107-2849;1;13
342850;BHN312E;107-2850;281;23
342851;BHN311E;107-2851;280;23
342852;BHN601E;107-2852;3;19
342853;BHN602E;107-2853;40;19
342854;BHW257E;107-2854;55;15
342855;BHW258E;107-2855;86;15
342856;BHW360E;107-2856;917;13
342857;BHW359E;107-2857;732;13
342858;BHX216E;107-2858;25;15
342859;BHX217E;107-2859;25;15
342860;;107-2860;55;15
342861;;107-2861;36;15
342864;BCS266E;107-2864;31;23
342865;BCS267E;107-2865;57;23
342866;BHW611E;107-2866;22;19
342867;BHW612E;107-2867;19;19
342868;BHX350E;107-2868;32;23
342869;BHX351E;107-2869;28;23
342870;BHN182E;107-2870;97;13
342871;BHN183E;107-2871;430;13
342872;BHV626E;107-2872;2;15
342873;BHV627E;107-2873;9;15
342874;BCS268E;107-2874;121;13
342875;BCS269E;107-2875;144;13
342876;BHV556E;107-2876;59;13
342877;BHV557E;107-2877;45;13
342880;BHW231E;107-2880;235;15
342881;BHW232E;107-2881;228;15
342884;BHN605E;107-2884;6;23
342886;;107-2886;12;19
342887;;107-2887;13;19
342888;;107-2888;48;15
342889;;107-2889;42;15
342890;BHN671E;107-2890;43;15
342891;BHN672E;107-2891;38;15
342892;;107-2892;61;19
342893;;107-2893;61;19
342894;BHS289E;107-2894;397;13
342895;BHS290E;107-2895;1;13
342896;BHX220E;107-2896;74;10
342897;BHX221E;107-2897;116;10
342898;;107-2898;474;19
342899;;107-2899;270;19
342900;;107-2900;235;26
342901;;107-2901;158;26
342904;BHS310E;107-2904;178;15
342905;BHS311E;107-2905;144;15
342906;;107-2906;1;0
342908;;107-2908;281;13
342909;;107-2909;161;13
342910;BHS224E;107-2910;24;26
342911;BHS223E;107-2911;8;26
342912;;107-2912;10;26
342913;BHS677E;107-2913;16;26
342914;BHW243E;107-2914;132;15
342915;BHW244E;107-2915;87;15
342916;BHW245E;107-2916;277;15
342917;BHW246E;107-2917;211;15
34292;BHW435E;107-292;5;19
342922;BHT245E;107-2922;56;13
342923;BHT246E;107-2923;52;13
342928;BHW221E;107-2928;148;10
342929;BHW222E;107-2929;186;10
34293;BHW436E;107-293;1;19
342930;BHW217E;107-2930;62;15
342931;BHW218E;107-2931;68;15
342932;BHW215E;107-2932;25;15
342933;BHW216E;107-2933;51;15
342934;BHV236E;107-2934;69;26
342935;BHV237E;107-2935;62;26
342936;BHU116E;107-2936;91;19
342937;BHU117E;107-2937;9;19
342938;BHX222E;107-2938;54;13
342939;BHX223E;107-2939;72;13
342940;BHW357E;107-2940;94;23
342941;BHW358E;107-2941;121;23
342942;BHS756E;107-2942;54;26
342943;BHS757E;107-2943;17;26
342950;BHN345E;107-2950;219;23
342951;BHN346E;107-2951;707;23
342954;BHS322E;107-2954;9;19
342955;BHS323E;107-2955;22;19
342956;;107-2956;7;0
342957;;107-2957;1;0
342958;BHN192E;107-2958;159;31
34296;BHW329E;107-296;46;13
342960;BHN282E;107-2960;39;36
342961;BHN281E;107-2961;33;36
342962;BHN201E;107-2962;10;23
342963;BHN202E;107-2963;5;23
342964;BHS184E;107-2964;582;23
342965;BHS185E;107-2965;163;23
342966;BHN275E;107-2966;1544;15
342967;BHN276E;107-2967;1135;15
342968;;107-2968;11;19
342969;;107-2969;26;19
34297;BHW330E;107-297;24;13
342970;BHN623E;107-2970;58;35
342971;BHN624E;107-2971;59;35
342973;BHS745E;107-2973;25;23
342975;BCN835E;107-2975;1;23
342976;BHT150E;107-2976;51;23
342977;BHT151E;107-2977;2;23
342978;BHX248E;107-2978;96;15
342979;BHX249E;107-2979;90;15
342980;BHN375E;107-2980;256;27
342981;BHN376E;107-2981;218;27
342982;BHV320E;107-2982;348;13
342983;BHV321E;107-2983;324;13
342984;BHV590E;107-2984;62;15
342985;BHV591E;107-2985;53;15
342986;;107-2986;13;31
342987;;107-2987;19;31
342988;;107-2988;7;15
342989;;107-2989;5;15
342994;BHP136E;107-2994;2;23
342995;BHN316E;107-2995;3;23
342996;BHN625E;107-2996;79;19
342997;BHN626E;107-2997;84;19
342998;BHR216E;107-2998;2;19
342999;BHR217E;107-2999;134;19
343000;BHW373E;107-3000;314;13
343001;BHW374E;107-3001;49;13
343002;BHN351E;107-3002;815;19
343003;BHN352E;107-3003;585;19
343004;;107-3004;172;10
343005;;107-3005;393;10
343006;BHN629E;107-3006;40;15
343007;BHN630E;107-3007;15;15
343008;BHX467E;107-3008;17;23
343009;BHX468E;107-3009;3;23
343010;BHS834E;107-3010;34;16
343011;BHS835E;107-3011;47;16
343014;BHV558E;107-3014;113;15
343015;BHV559E;107-3015;83;15
343016;BHX152E;107-3016;93;15
343017;BHX153E;107-3017;32;15
343020;BHX571E;107-3020;70;15
343021;BHX572E;107-3021;75;15
343022;BHQ219E;107-3022;154;19
343023;BHQ220E;107-3023;121;19
343024;BHX563E;107-3024;4;15
343025;;107-3025;13;15
343027;;107-3027;22;19
343028;BHZ133E;107-3028;10;17
343029;BHZ132E;107-3029;17;17
343030;;107-3030;16;19
343031;;107-3031;16;19
343032;BHN337E;107-3032;50;31
343033;BHN338E;107-3033;51;31
343034;BHW375E;107-3034;56;15
343038;BHQ147E;107-3038;394;15
343039;BHQ148E;107-3039;344;15
343040;BHN287E;107-3040;338;23
343041;BHN288E;107-3041;316;23
343042;BHU257E;107-3042;8;15
343043;BHU258E;107-3043;52;15
343044;BHU255E;107-3044;2;15
343045;BHU256E;107-3045;11;15
343050;;107-3050;3;15
343051;;107-3051;1;15
343052;;107-3052;7;15
343053;BHW664E;107-3053;6;15
343054;BHS760E;107-3054;38;19
343055;BHS761E;107-3055;34;19
343056;BHS762E;107-3056;2;19
343057;;107-3057;1;19
343058;BHW651E;107-3058;59;13
343059;BHW652E;107-3059;61;13
343060;BHS1070E;107-3060;12;19
343061;BHS1071E;107-3061;15;19
343062;BHZ101;107-3062;105;19
343063;BHZ100;107-3063;89;19
343064;BHV594E;107-3064;43;15
343065;BHV595E;107-3065;14;15
343068;BHQ155;107-3068;397;23
343069;BHQ156;107-3069;391;23
343070;BHN313E;107-3070;600;23
343071;BHN314E;107-3071;416;23
343072;BHQ140E;107-3072;100;36
343073;BHQ141E;107-3073;64;36
343074;BHR146E;107-3074;127;31
343075;BHR147E;107-3075;45;31
343078;;107-3078;1;19
343079;;107-3079;15;19
343082;BHS892E;107-3082;8;19
343083;BHS893E;107-3083;1;19
343090;BHS818E;107-3090;57;33
343091;BHS819E;107-3091;82;33
343093;;107-3093;88;13
343094;BHS820E;107-3094;2;23
343095;BHS821E;107-3095;4;23
343096;BHN645E;107-3096;673;23
343097;BHN646E;107-3097;391;23
343099;BHN698E;107-3099;4;36
343100;BHN643E;107-3100;117;19
343101;BHN644E;107-3101;119;19
343104;BHS1150E;107-3104;43;15
343105;BHS1151E;107-3105;76;15
343110;BHZ604E;107-3110;18;23
343111;BHZ605E;107-3111;12;23
343112;;107-3112;73;36
343113;BHN175E;107-3113;23;36
343114;BHA1025E;107-3114;28;19
343115;BHA1026E;107-3115;22;19
343116;BHN669E;107-3116;33;36
343117;BHN670E;107-3117;35;36
343118;BHS794E;107-3118;30;23
343119;BHS795E;107-3119;44;23
343120;;107-3120;2;0
343134;BHW629E;107-3134;74;13
343135;BHW630E;107-3135;35;13
343138;;107-3138;105;10
343139;;107-3139;148;10
343146;BHS800E;107-3146;569;15
343147;BHS801E;107-3147;440;15
343148;BHS808E;107-3148;297;19
343149;BHS809E;107-3149;453;19
343150;BHW927E;107-3150;38;15
343151;BHW928E;107-3151;87;15
343154;BHT249E;107-3154;50;19
343155;BHT250E;107-3155;71;19
343156;BHN1112E;107-3156;68;19
343157;BHN1113E;107-3157;49;19
34316;BHW185E;107-316;176;13
343160;;107-3160;3;23
343160;;107-3160-NEW;59;37
343161;;107-3161;1;23
343161;;107-3161-NEW;60;37
343162;BHZ721E;107-3162;18;19
343163;BHZ722E;107-3163;12;19
343168;BHQ225E;107-3168;6;31
343169;BHQ226E;107-3169;17;31
34317;BHW186E;107-317;187;13
343170;BHN639E;107-3170;186;33
343171;BHN640E;107-3171;84;33
343172;;107-3172;1;31
343173;;107-3173;26;31
343176;BHX378E;107-3176;72;19
343177;BHX379E;107-3177;49;19
343179;BHX524E;107-3179;1;19
343182;BHQ221E;107-3182;1;36
343183;BHQ222E;107-3183;11;36
343191;BHV409E;107-3191;22;15
343193;BHV674E;107-3193;63;15
343194;BHW625E;107-3194;7;15
343195;BHW626E;107-3195;28;15
343196;BHW669E;107-3196;117;10
343197;BHW670E;107-3197;181;10
343200;BHU319E;107-3200;198;26
343201;BHU320E;107-3201;185;26
343206;;107-3206;4;15
343207;;107-3207;6;15
343208;;107-3208;294;15
343209;;107-3209;42;15
343210;;107-3210;84;13
343211;;107-3211;99;13
343212;BHW379E;107-3212;147;13
343213;BHW380E;107-3213;131;13
343214;BHQ149E;107-3214;10;36
343218;BHW687E;107-3218;7;26
343220;BHV703E;107-3220;43;26
343221;BHV704E;107-3221;30;26
343222;BHZ540E;107-3222;8;26
343223;BHZ541E;107-3223;25;26
343224;BHS1182E;107-3224;42;26
343225;BHS1183E;107-3225;107;26
343226;BHS872E;107-3226;26;23
343227;BHS873E;107-3227;53;23
343230;BHV562E;107-3230;10;13
343231;BHV563E;107-3231;17;13
343232;BHU307E;107-3232;29;26
343233;BHU308E;107-3233;37;26
343234;;107-3234;6;26
343235;;107-3235;5;26
343238;BHN1062E;107-3238;18;31
343239;BHN1063E;107-3239;77;31
343240;BHS354E;107-3240;95;15
343241;BHS355E;107-3241;16;15
343242;BHR222E;107-3242;305;15
343243;BHR223E;107-3243;263;15
343244;BHV338E;107-3244;36;13
343245;BHV339E;107-3245;38;13
343246;BHV336E;107-3246;37;13
343247;BHV337E;107-3247;15;13
343249;;107-3249;1;23
343252;BHS1184E;107-3252;1;23
343253;BHS1185E;107-3253;2;23
343254;BHZ103E;107-3254;1;23
343256;BHZ107E;107-3256;1;23
343258;BHX527E;107-3258;20;23
343259;BHX528E;107-3259;34;23
343260;BHQ307E;107-3260;62;15
343261;BHQ308E;107-3261;134;15
343264;BHX390E;107-3264;3;19
343265;BHX391E;107-3265;3;19
343266;BHS822E;107-3266;11;23
343267;BHS823E;107-3267;12;23
343270;BHN313E;107-3270;317;26
343271;BHN314E;107-3271;395;26
343272;;107-3272;1;36
343274;BHR148E;107-3274;17;31
343275;BHR149E;107-3275;29;31
343276;BHV566E;107-3276;152;15
343277;BHV567E;107-3277;149;15
343278;BHZ462E;107-3278;4;36
343279;BHZ463E;107-3279;3;36
343280;BHN174E;107-3280;560;20
343281;BHN378E;107-3281;375;20
343282;BHN289;107-3282;93;15
343283;BHN290;107-3283;16;15
343285;BHS268;107-3285;1;31
343286;BHT264E;107-3286;22;31
343287;BHT265E;107-3287;36;31
343288;BHV612E;107-3288;20;19
343289;BHV613E;107-3289;34;19
343290;BHW647E;107-3290;3;19
343291;BHW648E;107-3291;1;19
343292;;107-3292;3;15
343293;;107-3293;4;15
343294;BHW691E;107-3294;4;19
343295;BHW692E;107-3295;15;19
343298;BHV628E;107-3298;71;26
343299;BHV629E;107-3299;51;26
343302;BHW697E;107-3302;2;23
343303;BHW698E;107-3303;2;23
343306;BHN906E;107-3306;228;28
343307;BHN907E;107-3307;22;28
343308;BHW661E;107-3308;242;13
343309;BHW662E;107-3309;214;13
343310;BHX423E;107-3310;58;15
343311;BHX422E;107-3311;52;15
343312;BHN726E;107-3312;33;36
343313;BHN727E;107-3313;52;36
343314;BHQ265E;107-3314;91;31
343315;BHQ266E;107-3315;80;31
343316;BHN732E;107-3316;1;30
343317;BHN733E;107-3317;153;31
34332;;107-332;1;0
343320;BHZ492E;107-3320;65;31
343321;BHZ493E;107-3321;46;31
343322;BHZ494E;107-3322;316;31
343323;BHZ495E;107-3323;153;31
343324;BHZ496E;107-3324;132;31
343326;BHS1144E;107-3326;30;26
343327;BHS1145E;107-3327;22;26
343328;BHS1162E;107-3328;3;26
343334;;107-3334;3;45
343335;;107-3335;4;45
343336;BHS810E;107-3336;43;19
343337;BHS811E;107-3337;63;19
343339;BHS1169E;107-3339;3;23
343340;BHW667E;107-3340;126;15
343341;BHW668E;107-3341;134;15
343342;BHW693E;107-3342;86;19
343343;BHW694E;107-3343;80;19
343344;;107-3344;4;19
343345;BHX409E;107-3345;23;19
343346;BHN661E;107-3346;43;33
343347;BHN662E;107-3347;218;33
343352;BHV574E;107-3352;4;26
343353;BHV575E;107-3353;2;26
343356;BHQ134E;107-3356;103;31
343357;BHQ135E;107-3357;46;31
343360;BHS1166E;107-3360;36;15
343361;BHS1167E;107-3361;30;15
343362;BHW675E;107-3362;356;19
343363;BHW676E;107-3363;242;19
343364;BHS324E;107-3364;237;36
343365;BHS325E;107-3365;137;36
343366;;107-3366;8;19
343368;;107-3368;75;19
343369;;107-3369;36;19
343370;BHX388E;107-3370;76;15
343371;BHX389E;107-3371;65;15
343374;;107-3374;4;15
343375;;107-3375;12;15
343376;;107-3376;74;15
343377;;107-3377;75;15
343378;;107-3378;6;19
343379;;107-3379;4;19
343380;BHS1172E;107-3380;107;23
343381;BHS1173E;107-3381;116;23
343382;BHV596E;107-3382;65;13
343383;BHV597E;107-3383;51;13
343384;BHV568E;107-3384;202;15
343385;BHV569E;107-3385;13;15
343386;BHN665E;107-3386;28;19
343392;BHS932E;107-3392;27;23
343393;BHS933E;107-3393;21;23
343394;BHX394E;107-3394;153;15
343395;BHX395E;107-3395;109;15
343396;BHN709E;107-3396;1862;21
343397;BHN710E;107-3397;1274;21
343398;;107-3398;101;23
343399;;107-3399;103;23
343401;;107-3401;4;51
343402;BHN975E;107-3402;60;31
343403;;107-3403;67;31
343404;BHS1146E;107-3404;169;31
343405;BHS1147E;107-3405;161;31
343406;BHS902E;107-3406;41;26
343407;BHS903E;107-3407;45;26
343408;BHS914E;107-3408;78;23
343409;BHS915E;107-3409;72;23
343410;;107-3410;1;0
343412;BHS1142E;107-3412;119;15
343413;BHS1143E;107-3413;106;15
343414;;107-3414;19;23
343415;;107-3415;21;23
343420;BHX507E;107-3420;1;38
343421;BHX508E;107-3421;10;38
343422;BHX414E;107-3422;21;23
343425;;107-3425;2;0
343430;BHS330E;107-3430;10;36
343432;BHW301E;107-3432;2;19
343433;BHW302E;107-3433;1;19
343434;BHQ142;107-3434;123;31
343435;BHQ144;107-3435;63;31
343437;;107-3437;1;19
343442;;107-3442;15;38
343443;;107-3443;18;38
343445;BHN668E;107-3445;1;26
343446;BHS848E;107-3446;2;26
343448;BHS900E;107-3448;6;19
343449;BHS901E;107-3449;9;19
343450;;107-3450;1;19
343451;;107-3451;3;19
343455;;107-3455;17;19
343458;BHS1170E;107-3458;34;19
343459;BHS1171E;107-3459;9;19
343460;BHQ235E;107-3460;39;36
343461;BHQ236E;107-3461;1;36
343462;BHS910E;107-3462;9;23
343470;BHN705E;107-3470;204;31
343471;BHN706E;107-3471;115;31
343472;BHN707E;107-3472;11;36
343473;BHN708E;107-3473;4;36
343474;;107-3474;36;15
343475;;107-3475;89;15
343476;BHN1023E;107-3476;70;15
343477;BHN1024E;107-3477;18;15
343478;BHU337E;107-3478;16;15
343479;BHU338E;107-3479;45;15
343480;BHT231E;107-3480;16;31
343481;BHT232E;107-3481;17;31
343482;BHS1174E;107-3482;1;23
343484;;107-3484;1;23
343485;;107-3485;2;23
343486;BHX366E;107-3486;34;19
343487;BHX367E;107-3487;20;19
343488;BHZ109;107-3488;15;23
343489;BHZ108;107-3489;11;23
343490;BHQ207E;107-3490;33;30
343491;BHQ208E;107-3491;12;26
343492;BHZ600E;107-3492;75;26
343493;BHZ601E;107-3493;91;26
343496;;107-3496;50;16
343497;;107-3497;5;16
34350;;107-350;2;15
343500;BHX244E;107-3500;1;19
343501;BHX245E;107-3501;26;19
343502;BHX246E;107-3502;215;15
343503;BHX247E;107-3503;178;15
343506;BHV600E;107-3506;70;15
343507;BHV601E;107-3507;2;15
343508;BHW241E;107-3508;662;10
343509;BHW242E;107-3509;675;10
34351;;107-351;2;15
343510;BHV334E;107-3510;148;13
343511;BHV335E;107-3511;77;13
343512;BHW383E;107-3512;32;19
343513;BHW384E;107-3513;20;19
343516;BHW1001E;107-3516;69;15
343517;BHW1002E;107-3517;33;15
343520;BHR220E;107-3520;52;31
343521;BHR221E;107-3521;38;31
343522;BHS768E;107-3522;1;19
343523;BHS769E;107-3523;83;19
343526;BHS1152E;107-3526;2;23
343528;;107-3528;137;31
343529;BHS791E;107-3529;73;31
343534;;107-3534;24;23
343535;;107-3535;12;23
343538;BHU333E;107-3538;5;26
343539;BHU334E;107-3539;53;26
343540;;107-3540;1;23
343541;;107-3541;3;23
343542;;107-3542;8;19
343543;;107-3543;27;19
343552;0;107-3552;32;15
343553;;107-3553;29;15
343555;;107-3555;4;19
343556;BHV707E;107-3556;5;26
343557;BHV708E;107-3557;2;26
343566;;107-3566;1;31
343568;;107-3568;1;0
343572;;107-3572;19;13
343573;;107-3573;38;13
343576;BHV705E;107-3576;56;15
343577;BHV706E;107-3577;53;15
343579;;107-3579;1;19
343580;;107-3580;1;31
343581;;107-3581;1;31
343582;BHW659E;107-3582;192;13
343583;BHW660E;107-3583;220;13
343584;BHW659E;107-3584;70;15
343585;BHW660E;107-3585;76;15
343586;BHQ229E;107-3586;283;26
343587;BHQ230E;107-3587;170;26
343594;;107-3594;13;31
343595;;107-3595;13;31
343596;BHX364E;107-3596;24;19
343597;;107-3597;27;19
343598;BCN191E;107-3598;328;23
343599;BCN192E;107-3599;305;23
343601;BHZ375E;107-3601;39;24
343602;;107-3602;20;19
343603;;107-3603;28;19
343612;;107-3612;1;0
343613;;107-3613;1;0
343618;;107-3618;8;23
343619;;107-3619;25;23
343620;;107-3620;31;23
343621;;107-3621;53;23
343624;;107-3624;26;36
343625;;107-3625;4;36
343626;BHW971E;107-3626;1;23
343627;BHW972E;107-3627;2;23
343628;;107-3628;2;23
343629;;107-3629;2;23
343630;;107-3630;1;26
343631;;107-3631;1;26
343634;;107-3634;339;26
343635;;107-3635;362;26
343636;;107-3636;21;19
343637;;107-3637;33;19
343638;BHW997E;107-3638;1;19
343639;BHW998E;107-3639;133;19
343640;BCQ122E;107-3640;3;31
343641;BCQ123E;107-3641;2;31
343644;BHN317E;107-3644;153;20
343645;BHN318E;107-3645;151;20
343648;BHQ244E;107-3648;49;36
343649;BHQ243E;107-3649;24;36
343650;BHX436E;107-3650;118;13
343651;BHX437E;107-3651;114;13
343652;BHN820E;107-3652;57;26
343653;BHN821E;107-3653;44;26
343654;BHN823E;107-3654;137;28
343655;BHN822E;107-3655;125;28
343656;BHX521E;107-3656;5;23
343658;BHN758E;107-3658;27;36
343659;BHN759E;107-3659;26;36
343660;BHS1148E;107-3660;87;13
343661;BHS1149E;107-3661;98;13
343662;BHN353E;107-3662;21;36
343663;BHN354E;107-3663;27;36
343670;BHT292E;107-3670;30;31
343671;BHT293E;107-3671;57;31
343684;BHW413;107-3684;4;20
343685;BHW414;107-3685;66;20
343686;;107-3686;234;19
343687;;107-3687;197;19
343688;0;107-3688;23;0
343689;0;107-3689;2;0
343690;BHX434;107-3690;31;23
343691;BHX435;107-3691;11;23
343692;BHR265E;107-3692;1;19
343693;BHR266E;107-3693;1;19
343698;BHN828E;107-3698;11;23
343699;BHN829E;107-3699;8;23
343701;;107-3701;2;23
343704;BHX382E;107-3704;57;19
343705;BHX383E;107-3705;62;19
343706;;107-3706;20;19
343707;;107-3707;21;19
343710;BHQ281E;107-3710;97;31
343711;BHQ282E;107-3711;64;31
343714;;107-3714;10;23
343715;;107-3715;5;23
343716;;107-3716;177;38
343717;;107-3717;183;38
343718;BHS1293E;107-3718;226;26
343719;BHS1294E;107-3719;221;26
343722;;107-3722;219;36
343723;;107-3723;221;36
343724;BHX525E;107-3724;88;19
343725;BHX526E;107-3725;79;19
343726;BHW969E;107-3726;40;23
343727;BHW970E;107-3727;64;23
343728;BHN818E;107-3728;1;23
343729;BHN819E;107-3729;1;23
343730;BHN627E;107-3730;7;15
343731;BHN628E;107-3731;96;15
343735;BHS1105E;107-3735;11;23
343736;BHS1140E;107-3736;125;38
343737;BHS1141E;107-3737;133;38
343738;;107-3738;23;38
343739;;107-3739;14;38
343740;BHN303E;107-3740;62;25
343741;BHN304E;107-3741;78;25
343743;;107-3743;1;36
343744;;107-3744;8;36
343745;;107-3745;20;36
343746;BHW715E;107-3746;74;15
343747;BHW716E;107-3747;64;15
343750;BHQ261E;107-3750;3;36
343751;BHQ262E;107-3751;25;36
343753;;107-3753;3;23
343755;BHN1026E;107-3755;23;36
343756;BHW995E;107-3756;2;23
343757;BHW996E;107-3757;2;23
343759;;107-3759;2;23
343760;BHS806E;107-3760;4;26
343761;BHS807E;107-3761;20;26
343762;BHN1029E;107-3762;38;36
343763;BHN1030E;107-3763;20;36
343764;;107-3764;46;13
343765;;107-3765;51;13
343770;;107-3770;2;26
343771;;107-3771;20;26
343775;;107-3775;2;25
343776;BHS1126E;107-3776;49;26
343777;;107-3777;62;26
343778;;107-3778;5;26
343779;;107-3779;54;26
343780;BHS1156E;107-3780;6;26
343784;;107-3784;3;36
343785;;107-3785;1;36
343786;;107-3786;1;36
343787;;107-3787;3;36
34379;;107-379;1;15
343790;;107-3790;1;23
343791;;107-3791;6;23
343792;BHN1068E;107-3792;3;31
343793;BHN1069E;107-3793;2;31
343798;BHN1108E;107-3798;14;19
343799;BHN1109E;107-3799;7;19
343802;BHZ732E;107-3802;63;19
343803;BHZ733E;107-3803;55;19
343806;;107-3806;2;19
343807;;107-3807;4;19
343808;;107-3808;1;19
343809;;107-3809;1;19
343811;BCV286E;107-3811;11;19
343812;BHT133E;107-3812;19;36
343813;BHT134E;107-3813;11;36
343818;;107-3818;5;38
343819;;107-3819;9;38
343820;;107-3820;59;19
343821;;107-3821;60;19
343822;;107-3822;117;23
343823;;107-3823;104;23
343824;;107-3824;111;23
343825;;107-3825;129;23
343826;;107-3826;1;23
343827;;107-3827;2;23
343828;;107-3828;24;38
343832;BHS1118E;107-3832;25;26
343833;BHS1119E;107-3833;79;26
343836;BHS1132E;107-3836;3;26
343837;BHS1133E;107-3837;3;26
343838;;107-3838;6;26
343840;BHN1001E;107-3840;28;38
343841;BHN1002E;107-3841;23;38
343842;BHX513E;107-3842;73;38
343843;BHX514E;107-3843;74;38
343846;BHS1158E;107-3846;17;38
343847;BHS1159E;107-3847;14;38
344656;;107-384726;20;23
344657;;107-384727;14;23
343852;;107-3852;13;23
344642;;107-385712;11;26
344643;;107-385713;17;26
344706;;107-385758;25;36
344707;;107-385759;22;36
344644;;107-385772;25;36
344645;;107-385773;22;36
344722;;107-385816;22;23
344723;;107-385817;144;23
343860;;107-3860;5;19
344568;;107-386046;23;23
344569;;107-386047;26;23
344744;;107-386054;4;26
344745;;107-386055;5;26
343861;;107-3861;17;19
344769;;107-386149;1;36
343863;;107-3863;3;26
343867;BHV583E;107-3867;19;26
343870;BHZ622E;107-3870;80;36
343871;BHZ623E;107-3871;95;36
343872;BHN351E;107-3872;201;26
343873;BHN352E;107-3873;137;26
343875;;107-3875;2;23
343878;BHZ598E;107-3878;50;36
343884;BHS1128E;107-3884;107;23
343885;BHS1129E;107-3885;140;23
343890;;107-3890;12;19
343891;;107-3891;10;19
343892;;107-3892;4;36
343893;;107-3893;10;36
343894;;107-3894;6;36
343895;;107-3895;6;36
343896;BHS328E;107-3896;57;36
343897;BHS329E;107-3897;30;36
343898;;107-3898;1;36
343899;;107-3899;1;36
343900;BHQ130E;107-3900;13;36
343901;BHQ131E;107-3901;18;36
343902;BHV900E;107-3902;2;26
343903;BHV901E;107-3903;1;26
343904;;107-3904;2;23
343905;;107-3905;3;23
343906;BHW991E;107-3906;7;19
343907;BHW992E;107-3907;1;19
343910;BHS1064E;107-3910;25;26
343911;BHS1065E;107-3911;39;26
343918;BHV648E;107-3918;1;19
343919;BHV649E;107-3919;1;19
343920;;107-3920;46;23
343921;;107-3921;51;23
343924;;107-3924;1;26
343926;BHV682E;107-3926;41;26
343927;BHV681E;107-3927;52;26
343928;BHV658E;107-3928;598;32
343929;BHV659E;107-3929;252;32
343930;;107-3930;15;26
343931;;107-3931;14;26
343936;;107-3936;1;26
343938;BHQ247;107-3938;188;26
343939;BHQ248;107-3939;183;26
343940;;107-3940;13;19
343941;BHW968E;107-3941;33;19
343941;;107-3941_new;31;32
343942;BHW915E;107-3942;109;15
343943;BHW916E;107-3943;103;15
343946;;107-3946;4;24
343948;;107-3948;15;0
343949;;107-3949;14;0
343951;;107-3951;5;28
343952;;107-3952;27;26
343953;BHT234E;107-3953;32;26
343954;;107-3954;114;31
343955;;107-3955;91;31
343956;;107-3956;63;36
343957;;107-3957;59;36
343958;BHZ110;107-3958;28;23
343959;BHZ111;107-3959;51;23
343962;;107-3962;2;36
343963;;107-3963;4;36
343966;;107-3966;2;38
343968;;107-3968;11;23
343969;;107-3969;6;23
343970;;107-3970;4;23
343971;;107-3971;6;23
343972;BHS1060E;107-3972;21;36
343973;BHS1061E;107-3973;25;36
343976;BHN1017E;107-3976;376;33
343977;BHN1018E;107-3977;376;33
343978;;107-3978;20;23
343979;;107-3979;15;23
343980;;107-3980;14;23
343982;;107-3982;1;23
343988;;107-3988;35;23
343989;;107-3989;7;23
343990;;107-3990;2;0
343991;;107-3991;1;0
343992;;107-3992;13;23
343993;;107-3993;7;23
343996;;107-3996;28;38
343997;;107-3997;16;38
343998;;107-3998;5;26
343999;;107-3999;5;26
344000;;107-4000;16;23
344001;;107-4001;16;23
344004;BHX545E;107-4004;23;15
344005;BHX546E;107-4005;13;15
344006;;107-4006;79;36
344007;;107-4007;71;36
344008;;107-4008;42;15
344009;;107-4009;27;15
344016;;107-4016;17;38
344017;;107-4017;7;38
344018;;107-4018;2;0
344020;;107-4020;37;36
344021;;107-4021;35;36
344022;;107-4022;9;23
344024;;107-4024;4;21
344026;;107-4026;29;23
344027;;107-4027;20;23
344028;;107-4028;10;23
344029;;107-4029;10;23
344036;;107-4036;15;38
344037;;107-4037;7;38
34404;;107-404;1;0
344040;;107-4040;18;23
344041;;107-4041;28;23
344054;;107-4054;20;19
344055;;107-4055;15;19
344056;;107-4056;1;23
344057;;107-4057;2;23
344065;;107-4065;9;19
344066;;107-4066;3;23
344067;;107-4067;3;23
344068;;107-4068;3;26
344070;;107-4070;29;38
344071;;107-4071;32;38
344072;;107-4072;56;26
344073;;107-4073;23;26
344074;;107-4074;2;23
344075;;107-4075;2;23
344076;;107-4076;70;38
344077;;107-4077;58;38
344078;;107-4078;31;24
344079;;107-4079;41;24
34408;;107-408;4;13
344082;;107-4082;61;20
344083;;107-4083;77;20
344084;;107-4084;78;36
344085;;107-4085;53;36
344086;;107-4086;6;23
344087;;107-4087;7;23
34409;;107-409;5;13
344090;;107-4090;80;21
344091;;107-4091;71;21
344092;;107-4092;89;38
344093;;107-4093;93;38
344094;;107-4094;123;23
344095;;107-4095;190;23
344096;;107-4096;71;23
344097;;107-4097;83;23
344098;;107-4098;2;26
344099;;107-4099;2;26
344102;;107-4102;18;26
344103;;107-4103;24;26
344114;;107-4114;136;26
344115;;107-4115;122;26
344118;;107-4118;2;23
344119;;107-4119;1;23
344124;;107-4124;22;23
344125;;107-4125;31;23
344126;;107-4126;7;20
344127;;107-4127;5;20
344134;;107-4134;6;26
344135;;107-4135;5;26
344136;;107-4136;3;23
344144;;107-4144;10;23
344145;;107-4145;26;23
344146;;107-4146;4;23
344147;;107-4147;1;23
344148;;107-4148;55;23
344149;;107-4149;38;23
344156;;107-4156;6;36
344157;;107-4157;3;36
344162;;107-4162;2;0
344163;;107-4163;1;0
344164;;107-4164;1;26
344167;;107-4167;1;36
344170;;107-4170;16;26
344172;;107-4172;1;26
344173;;107-4173;1;26
344176;;107-4176;99;20
344177;;107-4177;88;20
344178;;107-4178;4;23
344179;;107-4179;1;0
344180;;107-4180;49;36
344181;;107-4181;35;36
344184;;107-4184;3;38
344185;;107-4185;4;38
344186;;107-4186;88;23
344187;;107-4187;87;23
344188;;107-4188;1;0
344194;;107-4194;195;38
344195;;107-4195;180;38
344196;;107-4196;23;20
344197;;107-4197;27;20
344198;;107-4198;2;0
344200;;107-4200;1;0
344201;;107-4201;1;0
344202;;107-4202;4;23
344203;;107-4203;9;23
344208;;107-4208;1;19
344209;;107-4209;1;19
344212;;107-4212;24;23
344213;;107-4213;8;23
344214;;107-4214;33;23
344215;;107-4215;28;23
344228;;107-4228;1;23
344229;;107-4229;1;23
344230;;107-4230;2;23
344231;;107-4231;1;23
344232;;107-4232;1;23
344233;;107-4233;1;23
344236;;107-4236;13;23
344237;;107-4237;34;23
344239;;107-4239;4;36
34424;0;107-424;8;13
344242;;107-4242;8;23
344243;;107-4243;2;23
344244;;107-4244;1;36
344245;;107-4245;1;36
344246;;107-4246;27;23
344247;;107-4247;21;23
344251;;107-4251;1;0
344252;;107-4252;53;26
344253;;107-4253;39;26
344256;;107-4256;1;26
344257;;107-4257;3;26
344258;;107-4258;2;0
344259;;107-4259;2;0
344284;;107-4284;1;23
344285;;107-4285;4;23
344288;;107-4288;10;23
344289;;107-4289;16;23
344290;;107-4290;12;23
344291;;107-4291;71;23
344292;;107-4292;5;23
344293;;107-4293;2;23
344300;;107-4300;1;23
344301;;107-4301;3;23
344302;;107-4302;1;19
344303;;107-4303;1;19
344317;;107-4317;2;23
344320;;107-4320;24;19
344321;;107-4321;31;19
344326;;107-4326;3;36
344328;;107-4328;30;19
344329;;107-4329;28;19
344330;;107-4330;33;26
344331;;107-4331;51;26
344332;;107-4332;3;23
344333;;107-4333;2;23
344334;;107-4334;39;36
344335;;107-4335;84;36
344340;;107-4340;42;0
344342;;107-4342;52;36
344343;;107-4343;159;36
344344;;107-4344;2;36
344345;;107-4345;2;36
344346;;107-4346;109;26
344347;;107-4347;1;26
344348;;107-4348;5;38
344349;;107-4349;5;38
344350;;107-4350;6;0
344352;;107-4352;4;0
344353;;107-4353;1;0
344356;;107-4356;16;26
344357;;107-4357;19;26
344358;;107-4358;12;26
344359;;107-4359;15;0
344360;;107-4360;88;23
344361;;107-4361;80;23
344366;;107-4366;94;23
344367;;107-4367;52;23
344380;;107-4380;6;36
344381;;107-4381;3;36
344383;;107-4383;2;36
344386;;107-4386;2;23
344391;;107-4391;7;37
344392;;107-4392;23;26
344394;;107-4394;14;23
344395;;107-4395;6;23
344398;;107-4398;26;26
344399;;107-4399;55;26
34440;;107-440;8;23
344413;;107-4413;1;38
34442;;107-442;1;13
344422;;107-4422;53;26
344423;;107-4423;53;26
344430;;107-4430;3;21
344431;;107-4431;4;21
344438;;107-4438;3;26
344439;;107-4439;4;26
344440;;107-4440;1;26
344441;;107-4441;1;26
344442;;107-4442;5;26
344444;;107-4444;14;26
344445;;107-4445;7;26
344458;;107-4458;4;38
344459;;107-4459;3;38
34446;;107-446;16;19
344462;;107-4462;42;36
344463;;107-4463;40;36
344464;;107-4464;36;36
344465;;107-4465;17;36
34447;;107-447;16;19
344480;;107-4480;2;23
344481;;107-4481;1;23
344494;;107-4494;2;23
344495;;107-4495;1;23
344500;;107-4500;97;36
344501;;107-4501;97;36
344502;;107-4502;9;36
344503;;107-4503;19;36
344509;;107-4509;1;23
344530;;107-4530;6;15
344531;;107-4531;4;15
344532;;107-4532;12;23
344533;;107-4533;1;23
344534;;107-4534;54;19
344535;;107-4535;62;19
344536;;107-4536;1;23
344537;;107-4537;1;23
344538;;107-4538;2;27
344539;;107-4539;2;27
344540;;107-4540;27;23
344541;;107-4541;31;23
344547;;107-4547;3;36
344554;;107-4554;1;23
344564;;107-4564;8;23
344565;;107-4565;8;23
344572;;107-4572;10;23
344573;;107-4573;9;23
344580;;107-4581;2;0
344588;;107-4588;7;0
344589;;107-4589;3;0
344592;;107-4592;1;0
344593;;107-4593;1;0
344594;;107-4594;2;23
344595;;107-4595;4;23
344596;;107-4596;1;0
344597;;107-4597;4;0
34460;BHR106E;107-460;61;23
344600;;107-4600;3;0
344601;;107-4601;1;0
34461;BHR107E;107-461;17;23
344616;;107-4616;2;25
344617;;107-4617;1;25
344626;;107-4626;7;20
344627;;107-4627;10;20
344630;;107-4630;5;37
344631;;107-4631;3;37
344632;;107-4632;3;21
344633;;107-4633;4;21
344637;;107-4637;2;21
344640;;107-4640;1;21
344646;;107-4646;2;26
344646;;107-4647;1;26
344648;;107-4648;2;26
344649;;107-4649;2;26
344650;;107-4650;1;0
344651;;107-4651;1;0
344658;;107-4658;11;0
344659;;107-4659;11;0
34466;BHS372E;107-466;10;19
344664;;107-4664;9;0
344665;;107-4665;9;0
34467;BHS373E;107-467;12;19
344677;;107-4677;2;0
344692;;107-4692;1;0
344703;;107-4703;2;0
344708;;107-4708;26;0
344709;;107-4709;30;0
344710;;107-4710;1;21
344711;;107-4711;2;21
344712;;107-4712;19;35
344713;;107-4713;35;35
344734;;107-4734;34;0
344735;;107-4735;34;0
34474;BHX256E;107-474;9;26
344742;;107-4742;2;0
344743;;107-4743;1;0
344746;;107-4746;7;23
344747;;107-4747;13;23
344748;;107-4748;6;21
344749;;107-4749;8;21
34475;BHX257E;107-475;12;26
344751;;107-4751;1;27
344758;;107-4758;5;27
344765;;107-4765;1;36
34478;;107-478;17;19
344780;;107-4780;44;0
344780;;107-4781;58;0
344788;;107-4788;1;0
344789;;107-4789;1;0
34479;;107-479;3;19
344790;;107-4790;3;0
344791;;107-4791;2;0
344792;;107-4792;2;25
344793;;107-4793;1;25
344794;;107-4794;28;0
344795;;107-4795;24;0
344798;;107-4798;8;0
344799;;107-4799;20;0
344800;;107-4800;1;24
344801;;107-4801;1;24
344802;;107-4802;47;0
344803;;107-4803;19;0
344814;;107-4814;23;0
344815;;107-4815;49;0
344828;;107-4828;8;38
344829;;107-4829;11;38
344830;;107-4830;11;25
344842;;107-4842;1;21
344843;;107-4843;2;21
344884;;107-4884;1;40
344885;;107-4885;2;40
34506;BHS414E;107-506;2;15
34523;;107-523;5;15
34556;BHN479E;107-556;38;15
34557;BHN480E;107-557;19;15
34559;BHS601E;107-559;1;19
34614;BHV622E;107-614;1;19
34615;BHV623E;107-615;1;19
34624;BHW171E;107-624;133;13
34625;BHW172E;107-625;141;13
34626;BHW267E;107-626;44;15
34627;BHW268E;107-627;71;15
34636;BCN136E;107-636;10;15
34655;BHR121E;107-655;2;19
34660;;107-660;2;15
34661;;107-661;1;15
34672;;107-672;12;10
34710;BCN132E;107-710;24;15
34711;BCN133E;107-711;56;15
34722;;107-722;6;10
34730;BHN383E;107-730;1;0
34731;BHN384E;107-731;1;0
34740;;107-740;5;10
34741;;107-741;6;10
34761;;107-761;1;19
34784;;107-784;12;19
34786;BHV197E;107-786;9;13
34787;BHV198E;107-787;12;13
34790;BHN104E;107-790;13;15
34791;BHN105E;107-791;9;15
34819;BCN135E;107-819;70;15
34825;;107-825;2;10
34834;0;107-834;3;13
34835;BHN109E;107-835;31;13
34854;;107-854;22;15
34855;;107-855;13;15
34878;BHX118E;107-878;1;13
34879;BHX119E;107-879;1;13
34880;BHS442E;107-880;2;19
34881;BHS443E;107-881;4;19
34910;;107-910;1;0
34916;BHR132E;107-916;38;13
34917;BHR133E;107-917;66;13
34918;;107-918;2;0
34946;;107-946;4;15
34947;BHZ241E;107-947;4;15
34948;BHW283E;107-948;34;10
34949;BHW284E;107-949;37;10
34950;BHW259E;107-950;192;10
34951;BHW260E;107-951;205;10
34952;BHS574E;107-952;7;19
34966;;107-966;6;19
34967;;107-967;2;19
342052;;107-CA1218;67;0
342052;;107-CA1218R;74;0
344784;;107-Cast-1Y34MOBIS-L;120;36
344785;;107-Cast-1Y34MOBIS-R;120;36

